name,n_rows,n_cols,runs,warmup,min_ms,max_ms,mean_ms,median_ms,p95_ms,rows_per_sec
content_fingerprint_rowhash,100000,5,3,1,44.108125,45.073083,44.441292,44.142667,44.142667,2250159.620800
diff_rowhash,100000,5,3,1,171.686292,189.768250,178.057264,172.717250,172.717250,561617.076199
snapshot_maybe_write_df_artifact,100000,5,3,1,45.190959,46.357709,45.913167,46.190833,46.190833,2178024.443079
content_fingerprint_rowhash,1000000,5,3,1,566.148375,677.380708,638.790903,672.843625,672.843625,1565457.485121
diff_rowhash,1000000,5,3,1,2545.464833,2716.692334,2643.474945,2668.267667,2668.267667,378289.948244
snapshot_maybe_write_df_artifact,1000000,5,3,1,599.143375,626.570250,608.630472,600.177792,600.177792,1643033.080743
