name,n_rows,n_cols,runs,warmup,min_ms,max_ms,mean_ms,median_ms,p95_ms,rows_per_sec
content_fingerprint_rowhash,100000,5,3,1,51.478792,52.701000,51.960528,51.701791,51.701791,1924537.808107
diff_rowhash,100000,5,3,1,172.089041,173.343291,172.551972,172.223583,172.223583,579535.539517
snapshot_maybe_write_df_artifact,100000,5,3,1,49.100666,136.987333,82.231375,60.606125,60.606125,1216080.849921
content_fingerprint_rowhash,1000000,5,3,1,560.975459,585.446834,575.133737,578.978917,578.978917,1738726.032260
diff_rowhash,1000000,5,3,1,2485.389833,2818.337333,2602.271083,2503.086083,2503.086083,384279.718794
snapshot_maybe_write_df_artifact,1000000,5,3,1,578.497542,659.689375,617.006847,612.833625,612.833625,1620727.556436
